Epoch,x,y,w,h,conf,cls,recall,precision,Total_loss
0.0,0.1209,0.12192,0.00528,0.00259,1.12138,0.61019,0.34613,0.03626,1.98225
